Country Name,ISO Code,Confidence Level,Press Type,Mean,Standard Deviation,Number of Articles
Botswana,BWA,0,Chinese,3.056734588585402,2.7378480689708784,437
Botswana,BWA,0,Western,-2.723189185728732,3.5015161680842484,97
Botswana,BWA,0,Local,0.4748712334526015,3.7298265614288315,859
Botswana,BWA,30,Chinese,3.073253243881772,2.8685502988076594,213
Botswana,BWA,30,Western,-2.6040749847888947,4.121114094067166,51
Botswana,BWA,30,Local,0.9441871879482762,3.92598967948925,387
Botswana,BWA,50,Chinese,3.114139038053426,3.0717815183098596,154
Botswana,BWA,50,Western,-2.755057674387227,2.1125154004251927,23
Botswana,BWA,50,Local,0.4720012595055074,3.7513186183625744,247
Botswana,BWA,70,Chinese,3.0298506894470316,2.8183326144446457,113
Botswana,BWA,70,Western,-2.1801988993372237,2.713135467076823,7
Botswana,BWA,70,Local,-0.17002012131484687,3.0548603284995046,141
Botswana,BWA,100,Chinese,3.259033379081177,2.483417873382513,73
Botswana,BWA,100,Western,0.5813953280448914,0.0,3
Botswana,BWA,100,Local,-0.20092042182621203,3.2489675448411712,57
Burundi,BDI,0,Chinese,2.6283031495293323,2.8904713716605483,351
Burundi,BDI,0,Western,-2.128086128018119,1.5350841508106705,44
Burundi,BDI,0,Local,1.5271645825557898,3.1127716329630006,351
Burundi,BDI,30,Chinese,2.7322517643172537,2.5795878180436067,199
Burundi,BDI,30,Western,-1.9935153192943997,1.6504517409608979,18
Burundi,BDI,30,Local,1.5001641819697051,2.8063935639566884,168
Burundi,BDI,50,Chinese,2.9033307344135313,2.232543332134462,144
Burundi,BDI,50,Western,-2.4229403495788575,1.4672817067862747,15
Burundi,BDI,50,Local,1.4970753855065795,2.8382505215366174,151
Burundi,BDI,70,Chinese,2.801550184243492,2.2429189946595187,112
Burundi,BDI,70,Western,-2.7716166178385415,1.3774608269315147,9
Burundi,BDI,70,Local,1.1035952569473357,2.6198539744980494,105
Burundi,BDI,100,Chinese,2.8607920797665916,1.927171368354583,75
Burundi,BDI,100,Western,-0.8771929740905762,0.0,1
Burundi,BDI,100,Local,1.2115056812763214,2.6670447368119956,64
Chad,TCD,0,Chinese,2.926287763248915,3.7253064223997585,174
Chad,TCD,0,Western,-3.6275660458363985,2.6999639718812625,38
Chad,TCD,0,Local,-0.8161768544287908,4.729155975666386,42
Chad,TCD,30,Chinese,3.4516914610068,3.095297149479652,75
Chad,TCD,30,Western,-3.517386589731489,2.706797819462587,21
Chad,TCD,30,Local,-0.8706430064307319,4.8429174932775165,27
Chad,TCD,50,Chinese,3.644915527007619,2.5772272971227554,61
Chad,TCD,50,Western,-3.764402374625206,2.86595419697372,16
Chad,TCD,50,Local,-0.7224057565132777,4.9294002369332865,24
Chad,TCD,70,Chinese,3.3834038072444024,2.745748854593873,47
Chad,TCD,70,Western,-3.133634348710378,2.6432437445807118,12
Chad,TCD,70,Local,-1.1106283945195816,5.367974341305467,17
Chad,TCD,100,Chinese,2.9218835720309504,3.116650649677585,27
Chad,TCD,100,Western,-3.280186931292216,2.138921083229505,6
Chad,TCD,100,Local,-0.7162016721872183,4.8076670416672584,13
Comoros,COM,0,Chinese,3.994995101,1.930640549,117
Comoros,COM,0,Western,,,0
Comoros,COM,0,Local,2.446099351,1.989644257,69
Comoros,COM,30,Chinese,4.709305614738141,2.0509150012160107,59
Comoros,COM,30,Western,,,0
Comoros,COM,30,Local,2.0666576902712546,2.44925553296875,31
Comoros,COM,50,Chinese,4.468832494214523,2.268140458895729,43
Comoros,COM,50,Western,,,0
Comoros,COM,50,Local,2.2188992603071807,2.460070602262342,29
Comoros,COM,70,Chinese,4.335034632020527,2.1669564299505044,36
Comoros,COM,70,Western,,,0
Comoros,COM,70,Local,1.9007063535126774,2.6102173849177928,22
Comoros,COM,100,Chinese,4.823106264074643,1.9629304931426892,24
Comoros,COM,100,Western,,,0
Comoros,COM,100,Local,1.3343688001235325,2.556716876567826,12
Djibouti,DJI,0,Chinese,2.4393317960659138,3.0815674592322266,1061
Djibouti,DJI,0,Western,-1.2043226405651684,2.2008059731109113,502
Djibouti,DJI,0,Local,0.5202972790685253,2.7738527012952576,483
Djibouti,DJI,30,Chinese,2.5177834739727256,3.0910359768097844,565
Djibouti,DJI,30,Western,-1.435076592711069,2.026663609565609,236
Djibouti,DJI,30,Local,0.3882519558948629,2.8105465567713717,238
Djibouti,DJI,50,Chinese,2.3029559363848437,3.03527098594557,408
Djibouti,DJI,50,Western,-1.4326313937965192,2.2402409068370415,133
Djibouti,DJI,50,Local,0.8048888901058509,2.5217010373265776,147
Djibouti,DJI,70,Chinese,2.65093058534697,2.839507847183962,255
Djibouti,DJI,70,Western,-1.4597700888790734,1.927166243438116,82
Djibouti,DJI,70,Local,1.2536102701174585,2.2580957952802647,95
Djibouti,DJI,100,Chinese,2.162609122817715,3.0567097637339247,120
Djibouti,DJI,100,Western,-1.7943101447075605,2.064814159400298,40
Djibouti,DJI,100,Local,1.6147523891666662,2.400142790740459,46
Eritrea,ERI,0,Chinese,2.013960800237126,1.9896228209890414,27
Eritrea,ERI,0,Western,-1.3018273836687992,2.004623265615436,19
Eritrea,ERI,0,Local,2.284724336985039,3.0085162558517253,292
Eritrea,ERI,30,Chinese,1.8613162499207716,2.2646690081668583,13
Eritrea,ERI,30,Western,-0.808003696528348,2.000859929807534,11
Eritrea,ERI,30,Local,2.581553570248864,3.201386507025807,154
Eritrea,ERI,50,Chinese,1.0668512433767319,1.7735373004759742,8
Eritrea,ERI,50,Western,-1.392114241917928,1.9058805026448102,6
Eritrea,ERI,50,Local,2.8776807205097095,3.4995937802754513,111
Eritrea,ERI,70,Chinese,0.7009676098823547,1.912702122270119,6
Eritrea,ERI,70,Western,-2.737522006034851,0.1349243503010391,4
Eritrea,ERI,70,Local,3.0276639370454683,3.6656068517124596,72
Eritrea,ERI,100,Chinese,0.7009676098823547,1.912702122270119,6
Eritrea,ERI,100,Western,,,0
Eritrea,ERI,100,Local,3.7139302591482797,4.557989967838614,30
Eswatini,SWZ,0,Chinese,3.1851997852325438,0.5127362341325353,10
Eswatini,SWZ,0,Western,0.4488251532973914,1.0190202271422812,58
Eswatini,SWZ,0,Local,0.00665997810985731,2.995421634556692,46
Eswatini,SWZ,30,Chinese,3.533520817756653,0.1088632345199585,2
Eswatini,SWZ,30,Western,0.11851846724748612,1.4986489813012414,20
Eswatini,SWZ,30,Local,0.3008200716972351,3.3366426941751874,25
Eswatini,SWZ,50,Chinese,3.4246575832366943,0.0,1
Eswatini,SWZ,50,Western,-0.5733444771983407,1.6916425394177308,11
Eswatini,SWZ,50,Local,1.3987922511602704,3.0774765216300497,19
Eswatini,SWZ,70,Chinese,3.4246575832366943,0.0,1
Eswatini,SWZ,70,Western,-0.2775514781475067,1.8949888436392637,5
Eswatini,SWZ,70,Local,1.6700558457523584,3.116316856332656,16
Eswatini,SWZ,100,Chinese,,,0
Eswatini,SWZ,100,Western,,,0
Eswatini,SWZ,100,Local,1.765184448315547,3.390159838710249,13
Ethiopia,ETH,0,Chinese,2.7263032788025257,2.513324586652949,2981
Ethiopia,ETH,0,Western,-1.7896472816646565,2.9052510939101848,512
Ethiopia,ETH,0,Local,1.238875663128271,2.499420762302502,558
Ethiopia,ETH,30,Chinese,2.852585662582312,2.536409886106418,1443
Ethiopia,ETH,30,Western,-2.0309117201127505,3.383412912063189,228
Ethiopia,ETH,30,Local,0.9555098598080498,2.4430358310143276,286
Ethiopia,ETH,50,Chinese,2.9780799544065215,2.5054213917431603,976
Ethiopia,ETH,50,Western,-1.139326616048813,2.8063985894102,125
Ethiopia,ETH,50,Local,0.9104032157528623,2.528585515090179,214
Ethiopia,ETH,70,Chinese,3.016178879458745,2.3630956833247736,583
Ethiopia,ETH,70,Western,-0.3351554360291729,1.901334234223159,73
Ethiopia,ETH,70,Local,0.6802259167467338,2.4416259320801452,138
Ethiopia,ETH,100,Chinese,2.7320937007227366,2.327136130613041,340
Ethiopia,ETH,100,Western,-0.0636356897426374,1.5126079823856293,33
Ethiopia,ETH,100,Local,0.6592419974009196,2.3168941843852817,75
Kenya,KEN,0,Chinese,2.241715378131247,3.1530313029274986,6009
Kenya,KEN,0,Western,-3.435676355938567,3.498545651848177,706
Kenya,KEN,0,Local,-0.39919337243109704,3.5201151585422736,6339
Kenya,KEN,30,Chinese,2.17224788054846,3.2191453529213874,2694
Kenya,KEN,30,Western,-4.053101439554183,3.6033180675507115,305
Kenya,KEN,30,Local,-0.5231067908322864,3.448862373965874,2959
Kenya,KEN,50,Chinese,2.0984452916858327,3.265898494457368,1747
Kenya,KEN,50,Western,-4.246627226022297,3.72258567599028,232
Kenya,KEN,50,Local,-0.5902542232054186,3.445325517477049,2046
Kenya,KEN,70,Chinese,2.179525148692596,3.0836462753489187,1067
Kenya,KEN,70,Western,-4.385241107416875,3.732766816582043,165
Kenya,KEN,70,Local,-0.6555216265928335,3.408697148766373,1191
Kenya,KEN,100,Chinese,1.9782759066473807,3.2351052556282975,623
Kenya,KEN,100,Western,-4.85363205130163,4.096089962821174,76
Kenya,KEN,100,Local,-0.7445261656508424,3.451494332762945,674
Lesotho,LSO,0,Chinese,2.972162817915281,1.6968878420329068,114
Lesotho,LSO,0,Western,-2.0484322369098664,1.5951040511054477,10
Lesotho,LSO,0,Local,0.6224934573764581,3.4604331375271955,478
Lesotho,LSO,30,Chinese,3.167945648874006,1.854554325944028,62
Lesotho,LSO,30,Western,-0.13493092358112335,0.5083439201116562,2
Lesotho,LSO,30,Local,0.9385579580676209,3.489854749822172,206
Lesotho,LSO,50,Chinese,3.447908016091043,1.9860623265202666,44
Lesotho,LSO,50,Western,-0.13493092358112335,0.5083439201116562,2
Lesotho,LSO,50,Local,1.2345731258392334,3.467448583870953,130
Lesotho,LSO,70,Chinese,3.8336719554482084,2.107458610544509,33
Lesotho,LSO,70,Western,-0.13493092358112335,0.5083439201116562,2
Lesotho,LSO,70,Local,2.0914703692708696,3.4549415487573736,56
Lesotho,LSO,100,Chinese,4.05289897890318,2.3468742245507026,21
Lesotho,LSO,100,Western,,,0
Lesotho,LSO,100,Local,1.060155230263869,3.6443983730283076,24
Madagascar,MDG,0,Chinese,2.0409726671565918,3.2294868024145704,507
Madagascar,MDG,0,Western,-2.1469737471718537,2.093794465440672,76
Madagascar,MDG,0,Local,0.7931225606373378,3.010516572852916,245
Madagascar,MDG,30,Chinese,1.8659959021712496,3.383064590388184,291
Madagascar,MDG,30,Western,-2.2219545108241006,2.25483697936899,37
Madagascar,MDG,30,Local,0.7578619740903377,2.9832115647605004,160
Madagascar,MDG,50,Chinese,1.5996925705435252,3.4256293647443306,202
Madagascar,MDG,50,Western,-1.9085941252609093,1.923538593229807,24
Madagascar,MDG,50,Local,0.5607217897971472,3.039641169089532,132
Madagascar,MDG,70,Chinese,1.6013642807264585,3.3400199213550525,148
Madagascar,MDG,70,Western,-2.087194439611937,2.0806611941992594,19
Madagascar,MDG,70,Local,0.5117914249198605,3.191941576014558,99
Madagascar,MDG,100,Chinese,1.7348879057736624,2.92030102219135,84
Madagascar,MDG,100,Western,-2.284749453266462,2.005146564824918,6
Madagascar,MDG,100,Local,0.47540587773828796,3.1949468273609867,66
Malawi,MWI,0,Chinese,2.6427382607517282,3.6131593653707936,229
Malawi,MWI,0,Western,-0.8803535306995566,2.535997919780154,11
Malawi,MWI,0,Local,1.0639956106994357,3.9645354309407757,985
Malawi,MWI,30,Chinese,2.8740598294734956,3.5831416359203887,125
Malawi,MWI,30,Western,-0.9925434738397598,2.6336213807763587,5
Malawi,MWI,30,Local,0.8801621568190371,3.971696052999652,473
Malawi,MWI,50,Chinese,2.6770941985442356,3.8644687571261356,68
Malawi,MWI,50,Western,-4.137930870056152,0.0,1
Malawi,MWI,50,Local,1.1032283863646697,3.885428075353904,323
Malawi,MWI,70,Chinese,1.7905820951778062,4.060071750257464,49
Malawi,MWI,70,Western,-4.137930870056152,0.0,1
Malawi,MWI,70,Local,1.0780389560386539,3.551887408463495,160
Malawi,MWI,100,Chinese,0.3501134142279625,4.524919247997868,20
Malawi,MWI,100,Western,,,0
Malawi,MWI,100,Local,1.0278430407866836,3.4384712094886494,80
Mauritius,MUS,0,Chinese,3.237831669159172,2.008454559235369,484
Mauritius,MUS,0,Western,0.37761708771860275,2.080914723519118,37
Mauritius,MUS,0,Local,1.5924581057721316,2.6510034104674727,990
Mauritius,MUS,30,Chinese,3.2559044543239803,2.0782149670283125,252
Mauritius,MUS,30,Western,0.41118666967924905,1.9963167830389865,17
Mauritius,MUS,30,Local,1.4768888742769535,2.6464656300731337,603
Mauritius,MUS,50,Chinese,3.122209914194213,2.0006499702184852,180
Mauritius,MUS,50,Western,0.5175661524901023,2.0400614372602015,13
Mauritius,MUS,50,Local,1.5380871115798451,2.554315018539116,498
Mauritius,MUS,70,Chinese,2.934275363924123,2.1121108476183785,119
Mauritius,MUS,70,Western,0.18501538534959158,1.781252356506291,9
Mauritius,MUS,70,Local,1.446209767275611,2.3369695430191695,354
Mauritius,MUS,100,Chinese,3.0718620064323896,2.2023736761663257,73
Mauritius,MUS,100,Western,-0.8741318941116333,1.4235769222116232,5
Mauritius,MUS,100,Local,1.2031993534140013,2.4591059087287706,216
Mozambique,MOZ,0,Chinese,3.1125122514879044,2.4332035757100567,652
Mozambique,MOZ,0,Western,-2.133104172650348,2.243879912532072,89
Mozambique,MOZ,0,Local,-0.18481689491191833,4.076557379692508,357
Mozambique,MOZ,30,Chinese,3.0511196834313403,2.738152887473576,308
Mozambique,MOZ,30,Western,-2.3059675401449202,2.4203325782096723,50
Mozambique,MOZ,30,Local,0.31626633641781743,3.8655752839587523,154
Mozambique,MOZ,50,Chinese,3.0902000174289794,2.663835272207615,205
Mozambique,MOZ,50,Western,-1.4757975918405197,1.977893891990948,34
Mozambique,MOZ,50,Local,-0.14086344299164225,3.3663832760763674,94
Mozambique,MOZ,70,Chinese,3.0047964261750044,2.6566139981945835,118
Mozambique,MOZ,70,Western,-1.323207746570309,1.8590491217981244,24
Mozambique,MOZ,70,Local,-0.23352855443954468,3.4595659824247362,51
Mozambique,MOZ,100,Chinese,2.95962561689206,3.0722551048855156,67
Mozambique,MOZ,100,Western,-0.9465190341075261,1.8429107441193904,15
Mozambique,MOZ,100,Local,-1.6857815670967102,3.738273853273811,25
Rwanda,RWA,0,Chinese,3.614516274077106,2.5231291972508263,1528
Rwanda,RWA,0,Western,-0.08448287868887429,2.225210954272445,123
Rwanda,RWA,0,Local,2.549966855331977,2.665427089368882,1178
Rwanda,RWA,30,Chinese,3.6328989293756364,2.5357427086150883,711
Rwanda,RWA,30,Western,-0.4107994117598603,2.0800131965211746,69
Rwanda,RWA,30,Local,2.142060499045205,2.7159925090152273,559
Rwanda,RWA,50,Chinese,3.545616920258441,2.50359791202687,483
Rwanda,RWA,50,Western,-0.741950695623051,1.9229409021301578,55
Rwanda,RWA,50,Local,1.894894798867384,2.685853118677278,367
Rwanda,RWA,70,Chinese,3.4090842309975087,2.5511946471890483,266
Rwanda,RWA,70,Western,-0.5760661339759827,1.5004916731982634,25
Rwanda,RWA,70,Local,1.97377626808526,2.6285769292903662,191
Rwanda,RWA,100,Chinese,3.310124353000096,2.910584576490964,140
Rwanda,RWA,100,Western,-0.5456092804670334,1.155338162118788,4
Rwanda,RWA,100,Local,2.0151627339761364,2.6660010787705053,88
Seychelles,SYC,0,Chinese,2.3345559537410736,3.528364160991772,81
Seychelles,SYC,0,Western,-1.942054526961368,4.192221725526788,23
Seychelles,SYC,0,Local,3.2244902155827733,2.430509277862039,320
Seychelles,SYC,30,Chinese,1.7687157344818116,4.5610683738238205,25
Seychelles,SYC,30,Western,-2.03585923405794,3.7373758618778514,13
Seychelles,SYC,30,Local,2.775778198024122,2.623910841622228,164
Seychelles,SYC,50,Chinese,0.5669774876700507,4.625044954920845,18
Seychelles,SYC,50,Western,-2.03585923405794,3.7373758618778514,13
Seychelles,SYC,50,Local,2.725411325196425,2.6831248611808296,120
Seychelles,SYC,70,Chinese,0.8343255519866943,6.255125405060934,5
Seychelles,SYC,70,Western,-2.9960439701875052,3.9817439374067836,9
Seychelles,SYC,70,Local,2.4404153454871405,2.603500755542304,84
Seychelles,SYC,100,Chinese,-2.4255788326263428,0.0,1
Seychelles,SYC,100,Western,-0.08490217477083206,0.6969122984494702,4
Seychelles,SYC,100,Local,2.2987215769290925,3.16436781431113,50
Somalia,SOM,0,Chinese,-0.248107715939165,4.684816720017034,1128
Somalia,SOM,0,Western,-3.3467727930969504,3.5789663597809156,166
Somalia,SOM,0,Local,-0.8014224274134679,3.834367848764138,551
Somalia,SOM,30,Chinese,-0.5952803726746317,4.557550274834917,544
Somalia,SOM,30,Western,-4.121216538879606,3.0640014179730564,72
Somalia,SOM,30,Local,-0.30970244938112135,3.9463288205184113,259
Somalia,SOM,50,Chinese,-0.8471890969877072,4.504109692827522,389
Somalia,SOM,50,Western,-4.263485643823268,3.018277545710082,59
Somalia,SOM,50,Local,-0.3312488440424204,3.9172035461971952,200
Somalia,SOM,70,Chinese,-0.8228818899030008,4.248914238297402,197
Somalia,SOM,70,Western,-3.2202798219827504,3.169431995352891,26
Somalia,SOM,70,Local,-0.1165990604748649,3.967288650807497,124
Somalia,SOM,100,Chinese,-1.2199159470993444,4.152972849734891,109
Somalia,SOM,100,Western,-1.8449836730957032,0.48464848913331776,15
Somalia,SOM,100,Local,0.27803669718362517,3.42994462918516,59
South Africa,ZAF,0,Chinese,2.9894104886467034,2.6086501872373375,4318
South Africa,ZAF,0,Western,-1.3010624698977875,2.871409890962445,894
South Africa,ZAF,0,Local,0.17452785604626478,3.29658603299663,4715
South Africa,ZAF,30,Chinese,3.058644229854502,2.534254797571079,2042
South Africa,ZAF,30,Western,-1.3020851071490798,3.030478241337184,387
South Africa,ZAF,30,Local,0.3297887906905205,3.3419569603364483,2079
South Africa,ZAF,50,Chinese,2.892733288810107,2.3912123671746905,1192
South Africa,ZAF,50,Western,-1.1208812463427744,2.9998431472712874,248
South Africa,ZAF,50,Local,0.4209917469744116,3.3296013810179974,1234
South Africa,ZAF,70,Chinese,2.877430696174324,2.263468971828777,751
South Africa,ZAF,70,Western,-0.9814489487780641,3.091369048292717,151
South Africa,ZAF,70,Local,0.3685458390357484,3.336388853893522,703
South Africa,ZAF,100,Chinese,2.96657958121623,2.3150932589781665,413
South Africa,ZAF,100,Western,-0.7891507470294049,2.7508715150234524,76
South Africa,ZAF,100,Local,0.22227813795872844,3.3191570261869257,404
South Sudan,SSD,0,Chinese,1.134103050938359,3.817034048250102,1107
South Sudan,SSD,0,Western,-2.2860988220199943,3.217526885768452,80
South Sudan,SSD,0,Local,0.751026160331164,4.359616193936029,207
South Sudan,SSD,30,Chinese,1.1742988503292988,3.5990498206684345,646
South Sudan,SSD,30,Western,-2.215828025260487,3.220955153340601,37
South Sudan,SSD,30,Local,0.8515425072452887,4.579548503183519,123
South Sudan,SSD,50,Chinese,0.9590092326571523,3.4727365521270723,473
South Sudan,SSD,50,Western,-2.1755667130152383,3.1140398260242717,27
South Sudan,SSD,50,Local,1.4002694792368195,4.419322055777716,88
South Sudan,SSD,70,Chinese,1.1472954212019109,3.5613880794870023,298
South Sudan,SSD,70,Western,-3.264782658645085,2.0147034462633613,14
South Sudan,SSD,70,Local,1.0907585057345304,4.612592576334978,55
South Sudan,SSD,100,Chinese,1.2566590082077753,3.4269082688912085,168
South Sudan,SSD,100,Western,-4.549503547804696,1.4866544889156184,7
South Sudan,SSD,100,Local,0.7615819921096166,4.434143271319239,36
Sudan,SDN,0,Chinese,2.374305220483119,3.2443093426970857,2215
Sudan,SDN,0,Western,-3.7558246091456717,3.6127952659288978,299
Sudan,SDN,0,Local,0.2856299450830355,3.5304766814198354,1735
Sudan,SDN,30,Chinese,2.3779167351873722,3.1777028374571987,1121
Sudan,SDN,30,Western,-3.631185671006601,3.3964638808781284,127
Sudan,SDN,30,Local,0.13866016441308993,3.549903936870884,803
Sudan,SDN,50,Chinese,2.226725962754469,3.264598034281743,829
Sudan,SDN,50,Western,-3.573887397525131,3.195128358250925,93
Sudan,SDN,50,Local,0.022590563801311008,3.567671703802152,596
Sudan,SDN,70,Chinese,2.0471718580167066,3.324013801047503,562
Sudan,SDN,70,Western,-2.7492418279723516,3.319200065853257,63
Sudan,SDN,70,Local,0.08800809571117747,3.5160384158654368,408
Sudan,SDN,100,Chinese,1.8907940865590656,3.3458929565917113,348
Sudan,SDN,100,Western,-3.618812189570495,2.067028990460088,28
Sudan,SDN,100,Local,-0.0506117885400142,3.5013290500589176,224
United Republic of Tanzania,TZA,0,Chinese,2.701561339133289,2.5515622497316106,1237
United Republic of Tanzania,TZA,0,Western,-4.167660441994667,4.337807375381691,135
United Republic of Tanzania,TZA,0,Local,0.32371163806494546,4.312492068263035,2227
United Republic of Tanzania,TZA,30,Chinese,2.7140489940104313,2.653314871912858,606
United Republic of Tanzania,TZA,30,Western,-4.154757884802756,4.133587442406159,77
United Republic of Tanzania,TZA,30,Local,0.3858285997488771,4.243858944144829,1041
United Republic of Tanzania,TZA,50,Chinese,2.7341722996020996,2.752916032744471,457
United Republic of Tanzania,TZA,50,Western,-3.6111974828555935,4.055200478389716,61
United Republic of Tanzania,TZA,50,Local,0.28046123094936,4.312346990306537,752
United Republic of Tanzania,TZA,70,Chinese,2.547954181998463,2.8428314783453756,236
United Republic of Tanzania,TZA,70,Western,-3.0145785212516785,4.153590236913378,45
United Republic of Tanzania,TZA,70,Local,0.05767234514702808,4.3758256391501344,455
United Republic of Tanzania,TZA,100,Chinese,2.4082095083529063,3.0876678455359845,137
United Republic of Tanzania,TZA,100,Western,-4.286093072457747,3.6993392230205733,22
United Republic of Tanzania,TZA,100,Local,-0.7381370012627707,3.9258690525546305,225
Uganda,UGA,0,Chinese,1.8594391257114395,2.7358037062800413,1261
Uganda,UGA,0,Western,-1.2343379293554393,4.163112587836024,199
Uganda,UGA,0,Local,-0.17058035889953135,3.340709684992585,2353
Uganda,UGA,30,Chinese,1.9012197296375626,2.6733356319684294,577
Uganda,UGA,30,Western,-2.175080716992036,4.430852248830466,78
Uganda,UGA,30,Local,-0.234133069261032,3.295621684699558,1020
Uganda,UGA,50,Chinese,1.810813267570719,2.633167959504738,393
Uganda,UGA,50,Western,-2.3818569761514663,4.849499941800945,50
Uganda,UGA,50,Local,-0.07095634143465004,3.2021341946907174,657
Uganda,UGA,70,Chinese,1.6005757056897687,2.7929885662963416,248
Uganda,UGA,70,Western,-3.4854695700830027,3.659815359969159,31
Uganda,UGA,70,Local,-0.19193901101905833,3.0724317365053824,378
Uganda,UGA,100,Chinese,1.3980540668964385,2.7508228378201744,125
Uganda,UGA,100,Western,-4.132485547486474,4.038488675907169,17
Uganda,UGA,100,Local,-0.32875675413853084,2.9406895649545275,195
Zimbabwe,ZWE,0,Chinese,2.6087140279192247,3.3124512948280134,1983
Zimbabwe,ZWE,0,Western,-2.103476028405514,2.93536146458284,485
Zimbabwe,ZWE,0,Local,0.1905080720945466,3.2564454859892358,7853
Zimbabwe,ZWE,30,Chinese,2.5137359456600823,3.2516410389588826,1183
Zimbabwe,ZWE,30,Western,-1.8885277490621495,3.178596769277017,211
Zimbabwe,ZWE,30,Local,0.3846048889760429,3.231244448650156,3667
Zimbabwe,ZWE,50,Chinese,2.6094501275361504,3.3741675369626187,843
Zimbabwe,ZWE,50,Western,-2.3798003129420744,2.9845925494418832,155
Zimbabwe,ZWE,50,Local,0.4000172579377375,3.1776783043522197,2548
Zimbabwe,ZWE,70,Chinese,2.7892078579891297,3.28456010372918,567
Zimbabwe,ZWE,70,Western,-2.524579838075136,3.0024286417316373,95
Zimbabwe,ZWE,70,Local,0.40685958897942154,3.1930387423777216,1522
Zimbabwe,ZWE,100,Chinese,2.5076478448360278,3.020841040407866,338
Zimbabwe,ZWE,100,Western,-2.5491744603799735,2.6986560111499616,46
Zimbabwe,ZWE,100,Local,0.46225251380981197,3.1117315467939184,808
Zambia,ZMB,0,Chinese,2.093986580467484,3.564851439253645,1284
Zambia,ZMB,0,Western,-2.873981436980622,2.74933942908043,112
Zambia,ZMB,0,Local,1.1217999229890077,3.375884831373539,2582
Zambia,ZMB,30,Chinese,2.014309650113345,3.513849074520535,622
Zambia,ZMB,30,Western,-2.6492863465100527,3.0303862423084573,40
Zambia,ZMB,30,Local,1.060871349351228,3.468064375987059,1018
Zambia,ZMB,50,Chinese,1.9837166898036271,3.4390359980392895,445
Zambia,ZMB,50,Western,-2.776925263660295,3.4696831275761895,21
Zambia,ZMB,50,Local,1.2883277032760125,3.2868368757349526,632
Zambia,ZMB,70,Chinese,1.9096012456241505,3.4420565751018333,258
Zambia,ZMB,70,Western,-4.944325071242121,2.828396877162302,9
Zambia,ZMB,70,Local,1.3897507468990933,3.006041853059313,302
Zambia,ZMB,100,Chinese,1.6241057476511709,3.0984160806059204,162
Zambia,ZMB,100,Western,-6.038957913716634,1.4057913853111077,6
Zambia,ZMB,100,Local,1.5977462390155504,3.1943757500126884,132
Angola,AGO,0,Chinese,1.8474933881551474,4.130834114742027,733
Angola,AGO,0,Western,-4.5015685861393555,2.9173596791625327,177
Angola,AGO,0,Local,1.5259325689442478,2.689957801459076,1755
Angola,AGO,30,Chinese,0.9872845790021307,4.443212994494955,361
Angola,AGO,30,Western,-3.6732367743284273,3.164092128482422,78
Angola,AGO,30,Local,1.5466940190273968,2.7115120892991977,979
Angola,AGO,50,Chinese,0.9644694886110128,4.393129938601818,263
Angola,AGO,50,Western,-3.5854030506064496,2.936990833710426,48
Angola,AGO,50,Local,1.5129369285621845,2.7199224097350454,774
Angola,AGO,70,Chinese,0.9423534887652081,4.061200241425151,166
Angola,AGO,70,Western,-3.602017287052039,2.559731249316847,33
Angola,AGO,70,Local,1.5528341413077342,2.7125696290373105,587
Angola,AGO,100,Chinese,0.5643218580456008,4.52391542140213,105
Angola,AGO,100,Western,-4.25198672413826,2.5000853745088367,20
Angola,AGO,100,Local,1.5341348479350292,2.8883421433039125,344
Benin,BEN,0,Chinese,3.4168913069662157,3.2763644852730787,182
Benin,BEN,0,Western,-1.4789473190903664,1.7229656777576798,24
Benin,BEN,0,Local,0.8137044953921485,2.4744067237393805,126
Benin,BEN,30,Chinese,3.5421589016914368,3.420322969052013,108
Benin,BEN,30,Western,-2.3563259840011597,1.4879602331333543,10
Benin,BEN,30,Local,0.7778426991995945,2.5902893525952204,93
Benin,BEN,50,Chinese,3.4497246884587986,3.0173372200785376,67
Benin,BEN,50,Western,-1.8826527330610487,0.46515053415319907,9
Benin,BEN,50,Local,0.6659753180362962,2.602588204628346,88
Benin,BEN,70,Chinese,3.2519868916156245,3.321547809788779,51
Benin,BEN,70,Western,-1.8826527330610487,0.46515053415319907,9
Benin,BEN,70,Local,0.5276244028312403,2.562663670916614,82
Benin,BEN,100,Chinese,2.537519223988056,3.12715626382553,32
Benin,BEN,100,Western,,,0
Benin,BEN,100,Local,0.6739242830446788,1.8025513128062998,70
Cameroon,CMR,0,Chinese,2.321386835206363,3.672624376557263,354
Cameroon,CMR,0,Western,-1.4785624908846478,2.6325603491083265,43
Cameroon,CMR,0,Local,0.49063704993362894,2.990343711887345,2467
Cameroon,CMR,30,Chinese,2.6539957624546346,3.665979068392843,187
Cameroon,CMR,30,Western,-0.23927351501252916,2.765265735808748,18
Cameroon,CMR,30,Local,0.26090588113022545,2.890582237505507,1446
Cameroon,CMR,50,Chinese,3.0045169608966087,3.274238182319892,131
Cameroon,CMR,50,Western,-0.23927351501252916,2.765265735808748,18
Cameroon,CMR,50,Local,0.19758105585528762,2.821413569658961,1209
Cameroon,CMR,70,Chinese,3.3401223823599433,2.765932095642088,87
Cameroon,CMR,70,Western,0.12427500486373902,3.410573955777837,10
Cameroon,CMR,70,Local,0.07560646296512868,2.7335668821377386,957
Cameroon,CMR,100,Chinese,3.5989491074387705,2.768470241803152,67
Cameroon,CMR,100,Western,3.623737335205078,3.4462527194455643,3
Cameroon,CMR,100,Local,-0.12674056179525364,2.5796767372548604,629
Central African Republic,CAF,0,Chinese,-0.37903446359660037,4.589964292563373,93
Central African Republic,CAF,0,Western,-1.2803062424063683,1.4151479442472878,12
Central African Republic,CAF,0,Local,-0.4060637379108473,2.3180060931228614,43
Central African Republic,CAF,30,Chinese,1.256029470878489,3.3811383186808124,34
Central African Republic,CAF,30,Western,-1.490119321005685,1.7215406715989878,7
Central African Republic,CAF,30,Local,-0.19732673790143884,2.6184717853117268,23
Central African Republic,CAF,50,Chinese,1.3365725340514347,3.2298570661499784,29
Central African Republic,CAF,50,Western,-1.1689964532852173,1.6540294409169256,6
Central African Republic,CAF,50,Local,0.11008653921239517,2.8271033672417802,17
Central African Republic,CAF,70,Chinese,1.0206084657799115,3.238554832732149,22
Central African Republic,CAF,70,Western,-0.7194244384765625,1.4388488769531251,5
Central African Republic,CAF,70,Local,0.27461203932762146,2.6935675109736876,12
Central African Republic,CAF,100,Chinese,2.076498404145241,1.4677231661400372,12
Central African Republic,CAF,100,Western,-0.7194244384765625,1.4388488769531251,5
Central African Republic,CAF,100,Local,0.3286366377558027,2.4760747696348835,7
Democratic Republic of the Congo,COD,0,Chinese,0.5179042778384517,3.67093634841629,71
Democratic Republic of the Congo,COD,0,Western,-2.3215873390436172,2.195259224860329,58
Democratic Republic of the Congo,COD,0,Local,-0.03189619492601465,2.4988683012679456,189
Democratic Republic of the Congo,COD,30,Chinese,1.7026279681437724,2.1391261096894394,37
Democratic Republic of the Congo,COD,30,Western,-2.6894541485556243,2.4363674958910164,29
Democratic Republic of the Congo,COD,30,Local,-0.13271575010552697,2.384461285146689,98
Democratic Republic of the Congo,COD,50,Chinese,1.323351091808743,2.0883001524125366,27
Democratic Republic of the Congo,COD,50,Western,-2.765271398756239,2.9811655362778606,18
Democratic Republic of the Congo,COD,50,Local,-0.12844005576334894,2.4677132785186977,64
Democratic Republic of the Congo,COD,70,Chinese,1.2895000219345092,2.166609091531916,25
Democratic Republic of the Congo,COD,70,Western,-1.9525668837807395,0.8678941713412176,11
Democratic Republic of the Congo,COD,70,Local,-0.0475860069004389,2.268017745303403,52
Democratic Republic of the Congo,COD,100,Chinese,1.0154928910104852,2.415031230747152,19
Democratic Republic of the Congo,COD,100,Western,-1.3254503309726715,1.6157260835170746,2
Democratic Republic of the Congo,COD,100,Local,-0.3509050846099854,2.4469122020688925,35
Gambia,GMB,0,Chinese,3.5565776540411056,2.7746780184694746,641
Gambia,GMB,0,Western,-2.3343849698783923,3.413806456822846,122
Gambia,GMB,0,Local,1.9457419172514216,3.7489314036214423,879
Gambia,GMB,30,Chinese,3.473329806487475,3.15354800254338,280
Gambia,GMB,30,Western,-1.9109697830781602,3.561416561894679,57
Gambia,GMB,30,Local,2.1851195756427413,3.6614310067426517,366
Gambia,GMB,50,Chinese,3.2982333791972716,3.2333831890425744,158
Gambia,GMB,50,Western,-2.466601464220069,3.7654239657812374,44
Gambia,GMB,50,Local,2.100250442000106,3.7253500384724916,240
Gambia,GMB,70,Chinese,3.2071457236137206,3.601369009945628,103
Gambia,GMB,70,Western,-1.9604505313479381,3.7952566650039214,23
Gambia,GMB,70,Local,1.9771047971876605,3.815365884110965,140
Gambia,GMB,100,Chinese,2.7241014098127683,4.232243689950944,60
Gambia,GMB,100,Western,-1.6074846982955933,3.8104164112041756,17
Gambia,GMB,100,Local,2.4799895385361235,3.610753420923294,69
Ghana,GHA,0,Chinese,3.156159079190038,2.483261616737578,1035
Ghana,GHA,0,Western,-1.9239938274554953,3.3552499504363023,169
Ghana,GHA,0,Local,-0.22311469517690805,4.016320384231317,7698
Ghana,GHA,30,Chinese,3.013368822693352,2.6652881298294004,504
Ghana,GHA,30,Western,-2.077469590978295,3.667284250645582,51
Ghana,GHA,30,Local,-0.2750917131715992,4.074302117688481,3398
Ghana,GHA,50,Chinese,2.9348914419611294,2.5154171333279143,360
Ghana,GHA,50,Western,-1.7955269354485697,3.9357732345508283,31
Ghana,GHA,50,Local,-0.2918579886544105,4.05620196346916,2190
Ghana,GHA,100,Chinese,3.0317598484657906,2.594453697490525,111
Ghana,GHA,100,Western,-2.5941567858681083,4.859617040607788,8
Ghana,GHA,100,Local,-0.3855112181363646,3.903196326707213,614
Liberia,LBR,0,Chinese,2.5169972462047423,3.3585111896460904,336
Liberia,LBR,0,Western,-0.2699349639269541,3.4550364378793366,53
Liberia,LBR,0,Local,1.6991046094248528,3.284716727340339,1818
Liberia,LBR,30,Chinese,3.031638891893144,2.8426185864153237,161
Liberia,LBR,30,Western,0.3126975066567722,3.718592544634466,19
Liberia,LBR,30,Local,1.7219429040051635,3.206781751534015,803
Liberia,LBR,50,Chinese,2.8677541249461713,3.010038450983443,124
Liberia,LBR,50,Western,0.7519902157095762,4.19468884926706,13
Liberia,LBR,50,Local,1.6197663342113686,3.1970203818682084,547
Liberia,LBR,70,Chinese,2.765675726963813,3.205417653799959,83
Liberia,LBR,70,Western,1.9954747535288333,3.8984820921271015,10
Liberia,LBR,70,Local,1.0930043831971046,3.2290657324360725,296
Liberia,LBR,100,Chinese,3.38232960846535,2.460339209786572,43
Liberia,LBR,100,Western,0.8721120599657297,3.4626345939716616,4
Liberia,LBR,100,Local,1.0326813724549377,3.244272618540885,136
Mali,MLI,0,Chinese,-1.1697392689042232,4.252777717508919,850
Mali,MLI,0,Western,-4.679773115826224,3.009125902800791,167
Mali,MLI,0,Local,1.8273425918518622,2.7978477184722355,3749
Mali,MLI,30,Chinese,-0.9350168097822331,4.283316530130269,449
Mali,MLI,30,Western,-4.380618269028871,2.8145287029553385,92
Mali,MLI,30,Local,1.4974638493803485,2.710337155731451,2203
Mali,MLI,50,Chinese,-0.9260034834865681,4.382504422316766,334
Mali,MLI,50,Western,-3.339827613132756,3.168932036515097,41
Mali,MLI,50,Local,1.5705755777539372,2.6254912534531583,1963
Mali,MLI,70,Chinese,-0.9846054405101891,4.614421538552896,233
Mali,MLI,70,Western,-3.0703531524230696,3.365817452662117,29
Mali,MLI,70,Local,0.9405363475602755,2.3743262998121692,1398
Mali,MLI,100,Chinese,0.12999443845315414,4.528890066159157,132
Mali,MLI,100,Western,-2.805712558721241,4.067771634842577,19
Mali,MLI,100,Local,1.0113630323886764,2.1180813815628117,1104
Mauritania,MRT,0,Chinese,4.568132897664931,2.8485218114581197,289
Mauritania,MRT,0,Western,-4.334035217761993,0.5592711280449484,4
Mauritania,MRT,0,Local,1.1570879663765794,3.427905295457785,493
Mauritania,MRT,30,Chinese,4.999525048535505,2.81640479245746,139
Mauritania,MRT,30,Western,,,0
Mauritania,MRT,30,Local,1.2908051375031098,3.518539717601084,319
Mauritania,MRT,50,Chinese,5.1751687256021235,2.803867051685992,109
Mauritania,MRT,50,Western,,,0
Mauritania,MRT,50,Local,1.2529264424573368,3.420774086106328,284
Mauritania,MRT,70,Chinese,5.246913319919258,2.4968640993627713,64
Mauritania,MRT,70,Western,,,0
Mauritania,MRT,70,Local,1.5084886785413398,3.131581202891252,183
Mauritania,MRT,100,Chinese,5.1732537211342295,2.282956683636984,44
Mauritania,MRT,100,Western,,,0
Mauritania,MRT,100,Local,1.4029529420658946,3.254898553132992,128
Namibia,NAM,0,Chinese,2.925677877682442,2.914151015549222,1167
Namibia,NAM,0,Western,-0.386474513138334,3.382373814485519,48
Namibia,NAM,0,Local,0.5830454879945683,4.123384429133561,3288
Namibia,NAM,30,Chinese,3.147809056766853,3.0713058332507392,628
Namibia,NAM,30,Western,0.7979512689290224,2.8360206851837155,27
Namibia,NAM,30,Local,1.6741684788242863,3.8638898903008356,2028
Namibia,NAM,50,Chinese,2.975208670771035,2.8897615564157904,411
Namibia,NAM,50,Western,1.1266815976964102,2.769455411547581,18
Namibia,NAM,50,Local,2.2678239538841796,3.568130798892616,1670
Namibia,NAM,100,Chinese,2.448993645226344,2.8736450499192885,156
Namibia,NAM,100,Western,3.5230943305151805,2.819952244278782,7
Namibia,NAM,100,Local,3.5886195455996863,2.387332325178168,1153
Nigeria,NGA,0,Chinese,2.449539029333837,2.9505886407430992,2012
Nigeria,NGA,0,Western,-2.7040047992059515,2.701135133496112,578
Nigeria,NGA,0,Local,0.34234700835081483,3.489525162197594,10600
Nigeria,NGA,30,Chinese,2.5283441655037384,2.9594622506922668,992
Nigeria,NGA,30,Western,-2.668246185929655,2.342874914736971,278
Nigeria,NGA,30,Local,0.3092237764928526,3.5777413777250695,4413
Nigeria,NGA,50,Chinese,2.274141610393408,3.025575260303281,658
Nigeria,NGA,50,Western,-2.5134532864529655,2.148689710620781,227
Nigeria,NGA,50,Local,0.33375512927032025,3.56952091429672,2764
Nigeria,NGA,70,Chinese,2.274141610393408,3.025575260303281,658
Nigeria,NGA,70,Western,-2.5134532864529655,2.148689710620781,227
Nigeria,NGA,70,Local,0.33375512927032025,3.56952091429672,2764
Nigeria,NGA,100,Chinese,1.9015284526974099,2.961907410144877,219
Nigeria,NGA,100,Western,-1.227241961793466,2.218829717575229,44
Nigeria,NGA,100,Local,0.2299648861660332,3.6142607841901033,671
Senegal,SEN,0,Chinese,3.7929962791008633,2.119392467162633,694
Senegal,SEN,0,Western,-1.35640414429122,3.123110660902075,145
Senegal,SEN,0,Local,0.5361195963025093,2.8055352015635098,750
Senegal,SEN,30,Chinese,3.8781610256900976,2.1854574703251237,357
Senegal,SEN,30,Western,-1.9450621917843818,2.8573553677972647,70
Senegal,SEN,30,Local,0.6860420774560113,2.8047027098740993,447
Senegal,SEN,50,Chinese,4.06412860207698,2.1807652607054457,255
Senegal,SEN,50,Western,-2.389249185608192,2.5844262136752705,44
Senegal,SEN,50,Local,0.6493371876543516,2.859000121296096,365
Senegal,SEN,70,Chinese,3.7043417295739975,2.26971834501617,162
Senegal,SEN,70,Western,-0.8786658719182014,1.757466976581966,26
Senegal,SEN,70,Local,0.7562626665219282,2.7981751090119347,273
Senegal,SEN,100,Chinese,3.3858140423530485,2.60905489248378,82
Senegal,SEN,100,Western,-1.1604487784206867,1.7538303040392598,16
Senegal,SEN,100,Local,0.6610190430607821,2.62623217155505,193
Sierra Leone,SLE,0,Chinese,2.6165245185547237,3.217183696469613,395
Sierra Leone,SLE,0,Western,-2.289221167825816,4.196478189002214,57
Sierra Leone,SLE,0,Local,1.7961562644597606,3.2115500316399386,2010
Sierra Leone,SLE,30,Chinese,2.5418647897895426,3.252289465094955,192
Sierra Leone,SLE,30,Western,-2.498257460016193,4.640462461031516,33
Sierra Leone,SLE,30,Local,1.6216429876526017,3.279043461948527,884
Sierra Leone,SLE,50,Chinese,2.773467041493401,2.9518115074911977,127
Sierra Leone,SLE,50,Western,-2.435064435005188,3.99329269496423,21
Sierra Leone,SLE,50,Local,1.5997578675233866,3.2472808831650952,553
Sierra Leone,SLE,70,Chinese,2.5365743889677814,3.2671511274951963,82
Sierra Leone,SLE,70,Western,-2.7333095261925147,3.645759959593677,19
Sierra Leone,SLE,70,Local,1.355909630983227,3.346483573326535,319
Sierra Leone,SLE,100,Chinese,1.6893633715015777,2.821172822142536,47
Sierra Leone,SLE,100,Western,-1.15800874431928,2.4439149857078872,12
Sierra Leone,SLE,100,Local,1.3140584242211868,3.3128827384768353,158
Myanmar,MMR,0,Chinese,1.425790996943779,3.611675850199627,1091
Myanmar,MMR,0,Western,-2.620933515349172,2.9812857646489235,653
Myanmar,MMR,0,Local,-1.68493253586531,2.8857914395048714,3056
Myanmar,MMR,30,Chinese,1.2017925866287893,3.7553064492644377,658
Myanmar,MMR,30,Western,-2.7775527278152037,3.422549980013432,254
Myanmar,MMR,30,Local,-1.9713330522893957,2.9436042278153733,1189
Myanmar,MMR,50,Chinese,1.0667441956350736,3.8270498000380804,535
Myanmar,MMR,50,Western,-2.683916409487848,3.4404269547344675,154
Myanmar,MMR,50,Local,-2.148139227649936,2.926226788948795,716
Myanmar,MMR,70,Chinese,1.147334638161537,3.860510333724963,390
Myanmar,MMR,70,Western,-2.7513460463438277,3.4423709969493586,78
Myanmar,MMR,70,Local,-2.1364021159067588,2.966995607544772,372
Myanmar,MMR,100,Chinese,1.4303271481003919,3.946751774968834,244
Myanmar,MMR,100,Western,-3.001977617210812,3.953542017849076,45
Myanmar,MMR,100,Local,-2.1276315355337925,3.0767182629075553,161
Thailand,THA,0,Chinese,1.0819333513574931,4.1431693787396435,5232
Thailand,THA,0,Western,-3.5371334912178463,3.764063306830417,2687
Thailand,THA,0,Local,-1.2914271798247117,3.9188736651798655,9488
Laos,1,0,Chinese,2.942717620110476,3.033641153715738,5317
Laos,1,0,Western,-2.5497933676560147,2.512743080686156,556
Laos,1,0,Local,1.8757374980023707,3.0055096787532065,764
Laos,1,30,Chinese,2.8359102063981076,3.0867647840135226,2682
Laos,1,30,Western,-2.7130276954398966,2.7673644204892813,212
Laos,1,30,Local,1.8597366726962772,2.982706335944654,338
Laos,1,50,Chinese,2.8149472298625424,3.0975569524627455,1810
Laos,1,50,Western,-2.795451401809978,2.6200541968139497,157
Laos,1,50,Local,1.991539105254671,3.140449558928576,230
Laos,1,70,Chinese,2.784061338567202,3.076790968732911,1166
Laos,1,70,Western,-2.9430774908090376,2.736542110358429,97
Laos,1,70,Local,1.7319812347943133,2.9923576659105957,132
Laos,1,100,Chinese,2.812814577655521,2.9977966961091362,668
Laos,1,100,Western,-3.398557561509153,2.6189550123940517,47
Laos,1,100,Local,1.655894538414651,3.379670383461229,69
Cambodia,KHM,0,Chinese,2.8994576004067625,3.3043036289594006,6788
Cambodia,KHM,0,Western,-2.824099924603367,3.6693629617319785,1169
Cambodia,KHM,0,Local,0.22022610990202024,3.805726934437896,6810
Cambodia,KHM,30,Chinese,2.8031175218914686,3.3940892599335726,3496
Cambodia,KHM,30,Western,-3.0858300649526997,4.001993030021542,548
Cambodia,KHM,30,Local,0.37425648914129467,3.820375563354667,3220
Cambodia,KHM,50,Chinese,2.7141855226548297,3.4274303165960465,2337
Cambodia,KHM,50,Western,-3.3854263200462578,4.100779423619992,417
Cambodia,KHM,50,Local,0.4335145042651512,3.814082340310395,2181
Cambodia,KHM,70,Chinese,2.623007401410076,3.470837837905661,1458
Cambodia,KHM,70,Western,-3.6623181181035163,4.168799907769042,279
Cambodia,KHM,70,Local,0.6319171845002166,3.717109121207442,1178
Cambodia,KHM,100,Chinese,2.5552558215830143,3.356401510464614,790
Cambodia,KHM,100,Western,-4.113426187560578,4.3349131372882885,121
Cambodia,KHM,100,Local,0.6610608928984263,3.6777883469837693,594
Viet Nam,VNM,0,Chinese,2.150306419162818,2.9581606000794967,10018
Viet Nam,VNM,0,Western,-2.4184240206962944,2.781633241936044,5137
Viet Nam,VNM,0,Local,0.539134412931219,3.4102181579352266,16320
Viet Nam,VNM,30,Chinese,2.107001729526074,3.0209582616989774,4852
Viet Nam,VNM,30,Western,-2.5090382744951243,2.915738495770623,1803
Viet Nam,VNM,30,Local,0.6828503652912152,3.3602271942294277,7474
Philippines,PHL,0,Chinese,0.39419553190735446,2.978916259879941,10263
Philippines,PHL,0,Western,-2.325171290046191,2.362606030110231,9604
Philippines,PHL,0,Local,-1.1288273227805983,2.633341809131023,97881
Philippines,PHL,30,Chinese,0.29094029727865295,3.220721289207357,4816
Philippines,PHL,30,Western,-2.339056170966739,2.5243249621476966,3374
Philippines,PHL,30,Local,-1.1153346031380291,2.709861119746732,34812
Philippines,PHL,50,Chinese,0.17746625570920585,3.250009767212203,3367
Philippines,PHL,50,Western,-2.2989766223641173,2.4739456859346936,2078
Philippines,PHL,50,Local,-0.914132968592276,2.7075558283024086,19758
Philippines,PHL,70,Chinese,0.013061118915381021,3.247057600380171,2265
Philippines,PHL,70,Western,-2.2434914019318897,2.431983077753308,1138
Philippines,PHL,70,Local,-0.8257704215471647,2.789766692737216,10080
Philippines,PHL,100,Chinese,-0.0610954368957844,3.3833071006746156,1258
Philippines,PHL,100,Western,-2.4989631338113987,2.5802058185716317,432
Philippines,PHL,100,Local,-0.6750847213907909,3.255618171409189,3973
Malaysia,MYS,0,Chinese,1.525047036577551,3.2426724853603552,4005
Malaysia,MYS,0,Western,-1.8436429957302998,2.871354265543348,6952
Malaysia,MYS,0,Local,-0.342413534474881,2.9588632443813343,28668
Malaysia,MYS,30,Chinese,1.2704332716300941,3.267732920556833,2209
Malaysia,MYS,30,Western,-1.6695863362395835,2.7478889849753565,3163
Malaysia,MYS,30,Local,-0.3722762490125636,2.9816754382848503,12842
Malaysia,MYS,50,Chinese,1.252849306928673,3.138929356427059,1495
Malaysia,MYS,50,Western,-1.5917695672843009,2.7146673602950835,2172
Malaysia,MYS,50,Local,-0.35093698360691633,2.9818470288112864,8427
Malaysia,MYS,70,Chinese,1.0980063980945978,2.9353190003116545,930
Malaysia,MYS,70,Western,-1.5810507554415607,2.6540660315052995,1282
Malaysia,MYS,70,Local,-0.32461904696745475,2.9694139398717794,4772
Malaysia,MYS,100,Chinese,0.9093148471660984,2.776289517507375,515
Malaysia,MYS,100,Western,-1.5738337378350704,2.884702919185606,548
Malaysia,MYS,100,Local,-0.38593768862238126,3.0808757265482187,2259
Brunei,BRN,0,Chinese,-0.26182114960160485,2.8517893392869516,6185
Brunei,BRN,0,Western,-2.246515393601468,1.8329471266622306,9088
Brunei,BRN,0,Local,1.4122911830279956,4.044581276487267,1512
Indonesia,IDN,0,Chinese,1.8854581761864668,3.3506512355247002,3887
Indonesia,IDN,0,Western,-2.432956909755002,3.284097841965873,2875
Indonesia,IDN,0,Local,-0.7012188715524463,3.6652957857587327,11943
Papua New Guinea,PNG,0,Chinese,3.406572452727265,2.177064862702687,635
Papua New Guinea,PNG,0,Western,-0.8375167434884084,2.0658192264176227,370
Papua New Guinea,PNG,0,Local,1.2716661899192154,3.0144586148400947,629
Papua New Guinea,PNG,30,Chinese,3.4072672283157295,2.1245563892338715,436
Papua New Guinea,PNG,30,Western,-0.9846658852865111,2.416995564402312,159
Papua New Guinea,PNG,30,Local,1.3855737988646242,2.7883820616452057,327
Papua New Guinea,PNG,50,Chinese,3.206307802411625,1.9985625242876626,299
Papua New Guinea,PNG,50,Western,-1.382274080638413,2.383407646476382,111
Papua New Guinea,PNG,50,Local,1.4184715654362332,2.795252282611848,220
Papua New Guinea,PNG,70,Chinese,3.065940288477069,1.8996538147918047,229
Papua New Guinea,PNG,70,Western,-1.379146927824387,2.6890691571808847,65
Papua New Guinea,PNG,70,Local,1.4514157791291513,2.696252534973572,124
Papua New Guinea,PNG,100,Chinese,3.071704531824866,1.644626887361473,129
Papua New Guinea,PNG,100,Western,-1.2097972596685092,2.3293583187585267,30
Papua New Guinea,PNG,100,Local,1.0261645700250352,2.6434117666000065,56
Kazakhstan,KAZ,0,Chinese,2.79526777,2.425786397,2802
Kazakhstan,KAZ,0,Western,-1.621518075,3.192298817,532
Kazakhstan,KAZ,0,Local,1.557626598,2.679909778,2616
Kazakhstan,KAZ,30,Chinese,2.883692496,2.444870572,1695
Kazakhstan,KAZ,30,Western,-1.166513808,3.33409407,234
Kazakhstan,KAZ,30,Local,1.262481084,3.072533946,529
Kazakhstan,KAZ,50,Chinese,2.821566861,2.449193454,1282
Kazakhstan,KAZ,50,Western,-1.09983391,3.30102745,183
Kazakhstan,KAZ,50,Local,1.455005995,2.801921589,1253
Kazakhstan,KAZ,70,Chinese,2.708967267,2.441262173,878
Kazakhstan,KAZ,70,Western,-0.370160714,3.20940802,104
Kazakhstan,KAZ,70,Local,1.337213817,2.885741345,901
Kazakhstan,KAZ,100,Chinese,2.730833867,2.57308508,521
Kazakhstan,KAZ,100,Western,-0.642138073,3.186597997,55
Kazakhstan,KAZ,100,Local,1.262481084,3.072533946,529
Kyrgyzstan,KGZ,0,Chinese, 1.6478865242257774, 3.7817456448453393  , 1482
Kyrgyzstan,KGZ,0,Western, -5.425822154239372, 4.2196303121078635, 162
Kyrgyzstan,KGZ,0,Local, 2.3128717730054533, 3.1524260246555293  , 2329
Kyrgyzstan,KGZ,30,Chinese,1.533887403,3.923995901,814
Kyrgyzstan,KGZ,30,Western,-5.351065743,4.246509441,77
Kyrgyzstan,KGZ,30,Local,2.268110882,3.311599508,1284
Kyrgyzstan,KGZ,50,Chinese,1.479925395,3.81474754,593
Kyrgyzstan,KGZ,50,Western,-5.8848546,4.072147232,47
Kyrgyzstan,KGZ,50,Local,2.32037447,3.365959327,976
Kyrgyzstan,KGZ,70,Chinese, 1.8415290969577465, 3.5950732751381813  , 364
Kyrgyzstan,KGZ,70,Western, -5.390918679237366, 4.298703363430159 ,25
Kyrgyzstan,KGZ,70,Local, 2.278907677215485, 3.4859549044851303  , 689
Kyrgyzstan,KGZ,100,Chinese, 1.7130847911131546, 3.382905255695503  , 217
Kyrgyzstan,KGZ,100,Western, -4.637907534837723, 1.8698416323933538 ,8
Kyrgyzstan,KGZ,100,Local, 2.020650244121516, 3.6730117591036566 , 403
Tajikistan,TJK,0,Chinese,2.50256186,3.251900215,648
Tajikistan,TJK,0,Western,-0.486280933,2.903858967,84
Tajikistan,TJK,0,Local,0.632506138,3.589189192,1245
Tajikistan,TJK,30,Chinese,2.514153694,3.288036987,357
Tajikistan,TJK,30,Western,-1.52913733,3.201470592,29
Tajikistan,TJK,30,Local,0.888596212,3.470497661,732
Tajikistan,TJK,50,Chinese,2.054009339,3.477085846,240
Tajikistan,TJK,50,Western,-1.678980926,3.414841583,25
Tajikistan,TJK,50,Local,0.876463765,3.377862045,532
Tajikistan,TJK,70,Chinese,1.422458345,3.611879924,152
Tajikistan,TJK,70,Western,-2.089019193,3.839608064,18
Tajikistan,TJK,70,Local,0.932349266,3.317502008,360
Tajikistan,TJK,100,Chinese,1.679062256,3.806034573,104
Tajikistan,TJK,100,Western,-1.169060085,3.908539515,9
Tajikistan,TJK,100,Local,0.945154858,3.52515887,231
Turkmenistan,TKM,0,Chinese,4.591973227,2.170294764,148
Turkmenistan,TKM,0,Western,-0.733924546,2.93300657,186
Turkmenistan,TKM,0,Local,3.904937845,2.431973922,220
Turkmenistan,TKM,30,Chinese,4.831604431,2.186585625,82
Turkmenistan,TKM,30,Western,-0.630129633,3.095552243,83
Turkmenistan,TKM,30,Local,3.874867164,2.865951199,125
Turkmenistan,TKM,50,Chinese, 4.892811952852735, 2.4120646620056876, 51
Turkmenistan,TKM,50,Western, -0.6649938985893998, 3.1244548475065983 , 79
Turkmenistan,TKM,50,Local, 3.701902853459427, 2.983174865621295 , 97
Turkmenistan,TKM,70,Chinese, 4.406966275639004, 2.4204947354679516, 36
Turkmenistan,TKM,70,Western, 0.7289295909886665, 1.4981774592301431, 47
Turkmenistan,TKM,70,Local, 3.396483705889794, 3.2364804832199106, 62
Turkmenistan,TKM,100,Chinese, 4.250205831094221, 2.2877258304590167, 22
Turkmenistan,TKM,100,Western, -1.0189095983902614, 0.5167771927134482 , 6
Turkmenistan,TKM,100,Local, 3.4284267929884105, 3.707449335229729 , 39
Uzbekistan,UZB,0,Chinese, 2.267685153345142, 2.7956195701017608, 1747
Uzbekistan,UZB,0,Western, -0.5763606008737924, 2.9209787942164387, 419
Uzbekistan,UZB,0,Local, 1.4090604979102894,2.8473753806102797 , 885
Uzbekistan,UZB,30,Chinese, 2.1894831504311547, 2.8905398595178027, 1021
Uzbekistan,UZB,30,Western, -1.0263743573587212, 3.4087255626849933, 298
Uzbekistan,UZB,30,Local, 1.9229983597431544, 2.5187880871650865 , 530
Uzbekistan,UZB,50,Chinese, 2.059650632377827, 2.8910054094284323 ,  660
Uzbekistan,UZB,50,Western, -0.8914855451419436, 3.557888951115337, 116
Uzbekistan,UZB,50,Local, 1.7673266923721926, 2.1646999084831138 , 324
Uzbekistan,UZB,70,Chinese,1.772413121,3.07622533,432
Uzbekistan,UZB,70,Western,-1.54617085,3.728910413,70
Uzbekistan,UZB,70,Local,1.324529771,2.470919498,184
Uzbekistan,UZB,100,Chinese,1.953905334,3.206109947,224
Uzbekistan,UZB,100,Western,-1.548929756,3.367835829,22
Uzbekistan,UZB,100,Local,2.588062768,2.064379148,75
Afghanistan,AFG,0,Chinese,1.717603165,3.90638876,2663
Afghanistan,AFG,0,Western,-2.961984568,3.384876278,1817
Afghanistan,AFG,0,Local,1.212077641,3.299883276,4049
Afghanistan,AFG,30,Chinese,1.47390504,4.062042533,1344
Afghanistan,AFG,30,Western,-3.053149727,3.322137279,666
Afghanistan,AFG,30,Local,0.4575440213,3.523793765,2066
Afghanistan,AFG,50,Chinese,1.333559554,4.171569544,853
Afghanistan,AFG,50,Western,-0.4288843429,3.442233485,554
Afghanistan,AFG,50,Local,1.146308334,3.266486913,1179
Afghanistan,AFG,70,Chinese,1.161650942,4.317541689,594
Afghanistan,AFG,70,Western,-2.75093128,2.898583487,223
Afghanistan,AFG,70,Local,0.9928002637,2.85960099,682
Afghanistan,AFG,100,Chinese,0.736621137,4.548431305,346
Afghanistan,AFG,100,Western,-3.164815732,3.432043642,56
Afghanistan,AFG,100,Local,0.839658915,3.09164575,287
Pakistan,PAK,0,Chinese,2.148431005,3.929976403,5414
Pakistan,PAK,0,Western,-2.244419723,3.266449342,5399
Pakistan,PAK,0,Local,0.370349883,3.390817401,38160
Pakistan,PAK,30,Chinese,2.187606681,3.997139123,2946
Pakistan,PAK,30,Western,-2.062402266,3.33791642,2250
Pakistan,PAK,30,Local,0.441442239,3.38789303,17455
Pakistan,PAK,50,Chinese,2.092115173,3.985946207,2127
Pakistan,PAK,50,Western,-1.901759183,3.323693186,1456
Pakistan,PAK,50,Local,0.508448069,3.322567129,12153
Pakistan,PAK,70,Chinese, 1.834993571160768, 4.027336676851692 , 1392
Pakistan,PAK,70,Western, -1.6332094156750139, 3.2123715997972093 , 741
Pakistan,PAK,70,Local, 0.5521249730693558, 3.1685333075011477 , 7012
Pakistan,PAK,100,Chinese,1.716471419,4.175455973,822
Pakistan,PAK,100,Western,-1.408901428,3.099685848,210
Pakistan,PAK,100,Local,0.625900195,3.032381755,3429
India,IND,0,Chinese,0.646328067,3.197292005,1480
India,IND,0,Western,-1.360965311,2.768537509,10669
India,IND,0,Local,-1.005443128,2.800271271,68864
India,IND,30,Chinese,0.742819233,3.178750535,1934
India,IND,30,Western,-1.339800755,2.839002413,4370
India,IND,30,Local,-0.975867391,2.795868822,31343
India,IND,50,Chinese,0.742819233,3.178750535,1934
India,IND,50,Western,-1.31783367,2.816326643,2638
India,IND,50,Local,-0.977518663,2.793269316,20520
India,IND,70,Chinese,0.51925078,3.290579656,1016
India,IND,70,Western,-1.290597084,2.735577299,1462
India,IND,70,Local,-0.969394305,2.814577952,12293
India,IND,100,Chinese,0.584257381,3.298843785,636
India,IND,100,Western,-1.137577103,2.746983558,744
India,IND,100,Local,-0.821591821,2.837887128,6725
Bangladesh,BGD,0,Chinese,2.843776743,3.53010821,2597
Bangladesh,BGD,0,Western,-1.020798997,3.839330055,655
Bangladesh,BGD,0,Local,-1.182960995,4.193126723,3258
Bangladesh,BGD,30,Chinese, 2.87755591454468, 3.823108090523455  , 1321
Bangladesh,BGD,30,Western, -0.8023734653214796, 3.5492015561569104 , 327
Bangladesh,BGD,30,Local, -1.1829609945233501, 4.193126722601443 , 3258
Bangladesh,BGD,50,Chinese, 2.854260354913146, 3.8774568409201353  , 882
Bangladesh,BGD,50,Western, -0.5824236636812037, 3.251833592357461 , 220
Bangladesh,BGD,50,Local, -0.587167441606283, 3.9848674555664427, 999
Bangladesh,BGD,70,Chinese, 2.5798498296557693, 3.933412326783738  , 563
Bangladesh,BGD,70,Western, -0.6473069301921955, 3.1125130935957137 , 137
Bangladesh,BGD,70,Local, -1.2051606795008432, 3.8791246774003088 , 699
Bangladesh,BGD,100,Chinese, 2.4527254551649094, 4.0892360644665775   ,  329
Bangladesh,BGD,100,Western, -0.6292211199310463, 3.3811834815687813, 71
Bangladesh,BGD,100,Local, -1.550415035882953, 4.049120686408796 , 314
Iran,IRN,0,Chinese,-0.139970757,3.191428323,5449
Iran,IRN,0,Western,-2.394320239,2.384802576,11657
Iran,IRN,0,Local,-0.534827571,2.915912819,4294
Iran,IRN,30,Chinese,0.141278756,3.185040582,2559
Iran,IRN,30,Western,-2.149647473,2.920685534,1156
Iran,IRN,30,Local,-0.326974148,2.976630307,2029
Iran,IRN,50,Chinese,0.047666019,3.3125840726013682		,1742
Iran,IRN,50,Western,-2.331092967,2.570899595,3245
Iran,IRN,50,Local,-0.200527218,2.989944071,1474
Iran,IRN,70,Chinese,0.500433067,3.374058367,924
Iran,IRN,70,Western,-2.149647473,2.920685534,1156
Iran,IRN,70,Local,0.236328108,2.991648727,900
Iran,IRN,100,Chinese,0.006605774,3.640626404,515
Iran,IRN,100,Western,-2.422332141,2.729518515,357
Iran,IRN,100,Local,0.406037983,2.917373267,427
Azerbaijan,AZE,0,Chinese, 3.206034941332681, 2.212194856321297, 280
Azerbaijan,AZE,0,Western, -1.9421923234405225, 5.206667968411844, 57
Azerbaijan,AZE,0,Local, 2.285402270490509, 2.5824704617098, 4806
Azerbaijan,AZE,30,Chinese,3.072985444972718,2.2027486989510487,153
Azerbaijan,AZE,30,Western,-4.80687797402865,5.090836696153094,19
Azerbaijan,AZE,30,Local,2.0945837915619943,2.7069776925317073,2512
Azerbaijan,AZE,50,Chinese,3.202919029861415,2.1251572299866095 ,109
Azerbaijan,AZE,50,Western,-4.853559439285443,5.502844513860498,13
Azerbaijan,AZE,50,Local,2.006026166306334,2.7170425478871643,1879
Azerbaijan,AZE,70,Chinese,3.313406894,2.003968343,69
Azerbaijan,AZE,70,Western,-5.103146504,4.78828045,6
Azerbaijan,AZE,70,Local,1.884958764,2.806628095,1233
Azerbaijan,AZE,100,Chinese,2.763025928,2.345756351,35
Azerbaijan,AZE,100,Western,-4.438396201,5.146836444,4
Azerbaijan,AZE,100,Local,1.799490227,3.147034557,675
Equatorial Guinea,GNQ,0,Chinese,4.120750388,2.276377258,109
Equatorial Guinea,GNQ,0,Western,0.26023237,3.433809568,75
Equatorial Guinea,GNQ,0,Local,1.480806605,1.233265785,31
Equatorial Guinea,GNQ,30,Chinese, 4.878333758889583, 1.4638538845752391, 57
Equatorial Guinea,GNQ,30,Western, 1.862412797368091, 1.7408327944871647, 46
Equatorial Guinea,GNQ,30,Local, 1.195688247680664, 1.2403503319241742,20
Equatorial Guinea,GNQ,50,Chinese, 4.960078448862643, 1.2302029946938104, 37
Equatorial Guinea,GNQ,50,Western, 1.9321052048887526, 1.7529780089355, 28
Equatorial Guinea,GNQ,50,Local, 1.2858377198378246, 1.4126386922504761, 12
Equatorial Guinea,GNQ,70,Chinese, 5.365021410442534, 0.7347042326268903, 21
Equatorial Guinea,GNQ,70,Western, 1.1466980251398953, 1.7158245455188572, 11
Equatorial Guinea,GNQ,70,Local, 1.4247480365965102, 1.3685929314767704, 9
Equatorial Guinea,GNQ,100,Chinese, 5.222434997558594, 0.6341549369860733, 14
Equatorial Guinea,GNQ,100,Western, 0.7463279101583693, 1.601664025619178, 9
Equatorial Guinea,GNQ,100,Local, 1.5645877917607625, 0.28091419631751613, 3
Georgia,GEO,0,Chinese,3.213121681,1.875765379,85
Georgia,GEO,0,Western,0.200461951,1.717789948,9
Georgia,GEO,0,Local,2.320986911,1.873951646,404
Georgia,GEO,30,Chinese,3.459922494,1.751826766,41
Georgia,GEO,30,Western,0.932652448,1.175340597,7
Georgia,GEO,30,Local,2.083556323,2.047918791,170
Georgia,GEO,50,Chinese,3.517811643,1.661931732,38
Georgia,GEO,50,Western,0.714960188,1.131341532,6
Georgia,GEO,50,Local,1.874691598,2.135210365,123
Georgia,GEO,70,Chinese,3.759075422,1.543871409,31
Georgia,GEO,70,Western, None, None,0
Georgia,GEO,70,Local,2.273747953,1.869370575,76
Georgia,GEO,100,Chinese,3.925586462,1.168324848,15
Georgia,GEO,100,Western, None,  None,0
Georgia,GEO,100,Local,2.006859478,2.288650662,16
Armenia,ARM,0,Chinese,3.525624257,2.039030059,428
Armenia,ARM,0,Western,-9.928230818,2.80056248,13
Armenia,ARM,0,Local,1.357976862,3.45259847,4544
Armenia,ARM,30,Chinese,3.601519177,2.081544014,210
Armenia,ARM,30,Western,-9.801207244,2.878713464,12
Armenia,ARM,30,Local,1.349347705,3.611050962,2502
Armenia,ARM,50,Chinese,3.544257664,1.988717252,144
Armenia,ARM,50,Western,-10.59313297,1.019106681,6
Armenia,ARM,50,Local,1.316245057,3.677798515,1872
Armenia,ARM,70,Chinese,3.441270797,1.908064178,79
Armenia,ARM,70,Western,-10.82250881,0.964683605,5
Armenia,ARM,70,Local,1.22204136,3.744252628,1282
Armenia,ARM,100,Chinese,3.570966144,1.782125228,33
Armenia,ARM,100,Western,-10.82250881,0.964683605,5
Armenia,ARM,100,Local,1.239386618,3.808449687,747
Mongolia,MNG,0,Chinese,2.295041059,3.49462167,2768
Mongolia,MNG,0,Western,-1.248017922,3.129425102,893
Mongolia,MNG,0,Local,0.917926986,2.765277773,887
Mongolia,MNG,30,Chinese,2.139619638,3.664971561,1527
Mongolia,MNG,30,Western,-1.283120688,3.334094277,446
Mongolia,MNG,30,Local,0.856522019,2.893487429,619
Mongolia,MNG,50,Chinese,2.009310376,3.812251519,1100
Mongolia,MNG,50,Western,-1.026374357,3.408725563,298
Mongolia,MNG,50,Local,0.785537898,2.941925408,564
Mongolia,MNG,70,Chinese,1.610927758,3.821116136,719
Mongolia,MNG,70,Western,-0.947822758,3.560166804,174
Mongolia,MNG,70,Local,0.833290217,2.974258896,495
Mongolia,MNG,100,Chinese,1.06401739,4.113579921,424
Mongolia,MNG,100,Western,-1.344530597,4.255290728,90
Mongolia,MNG,100,Local,0.70693401,3.155877262,372
Nepal,NPL,0,Chinese,2.232688439,3.229685205,3761
Nepal,NPL,0,Western,-0.388270849,3.404526399,1198
Nepal,NPL,0,Local,0.437195826,2.867228754,1398
Nepal,NPL,30,Chinese,2.236078044,3.27702245,2072
Nepal,NPL,30,Western,-0.428884343,3.442233485,554
Nepal,NPL,30,Local,0.430051216,3.044842292,648
Nepal,NPL,50,Chinese,2.154526847,3.29659747,1422
Nepal,NPL,50,Western,-0.454499058,3.529387004,400
Nepal,NPL,50,Local,0.267031047,2.973888885,473
Nepal,NPL,70,Chinese, 2.3429085617532603, 3.3518591592834484, 925
Nepal,NPL,70,Western, -0.634411921395975, 3.4490972836509988 , 238
Nepal,NPL,70,Local, 0.2460317336436775, 2.766118771069745, 216
Nepal,NPL,100,Chinese, 2.2382172171068015,3.31475456713524,538
Nepal,NPL,100,Western, -0.8473682521897203, 3.3862372754141004 , 136
Nepal,NPL,100,Local,0.0564865664179836, 2.8462723799732155 , 112
Niger,NER,0,Chinese,-2.704004799,2.701135133,578
Niger,NER,0,Western,-2.961984568,3.384876278,1817
Niger,NER,0,Local,,,0
Niger,NER,30,Chinese,2.529878929,3.108746798,800
Niger,NER,30,Western,-2.668246186,2.342874915,278
Niger,NER,30,Local,,,0
Niger,NER,50,Chinese,2.217383819,3.209363706,537
Niger,NER,50,Western,-2.513453286,2.148689711,227
Niger,NER,50,Local,,,0
Niger,NER,70,Chinese,2.056173778,3.056586538,331
Niger,NER,70,Western,-1.549509141,2.230114337,101
Niger,NER,70,Local,,,0
Niger,NER,100,Chinese,1.847731472,3.020975885,202
Niger,NER,100,Western,-1.227241962,2.218829718,44
Niger,NER,100,Local,,,0
Bhutan,BTN,0,Chinese,-0.053678167,4.517052458,76
Bhutan,BTN,0,Western,-1.957231775,2.5050096,315
Bhutan,BTN,0,Local,0,0,0
Bhutan,BTN,30,Chinese,1.922216542,3.00792246,43
Bhutan,BTN,30,Western,-1.70721836,2.086207889,92
Bhutan,BTN,30,Local,0,0,0
Bhutan,BTN,50,Chinese,2.428858499,2.873207244,33
Bhutan,BTN,50,Western,-1.719066018,2.234170505,57
Bhutan,BTN,50,Local,0,0,0
Bhutan,BTN,70,Chinese,2.764373699,2.741550112,26
Bhutan,BTN,70,Western,1.63936572,,-2.106669162
Bhutan,BTN,70,Local, None ,, None
Bhutan,BTN,100,Chinese,3.044571516,2.785767578,19
Bhutan,BTN,100,Western,-2.53736977,1.419011036,12
Bhutan,BTN,100,Local, None, None ,0
Maldives,MDV,0,Chinese,2.785529651,3.073648886,351
Maldives,MDV,0,Western,-2.230412254,3.223135661,372
Maldives,MDV,0,Local,-1.390109907,3.792722187,420
Maldives,MDV,30,Chinese,2.514313367,3.11747198,199
Maldives,MDV,30,Western,-2.066189584,3.219810342,174
Maldives,MDV,30,Local,-0.951083757,3.853842444,156
Maldives,MDV,50,Chinese,2.532444524,3.191229267,151
Maldives,MDV,50,Western,-2.510407564,3.332127944,119
Maldives,MDV,50,Local,-0.66442662,4.002778311,99
Maldives,MDV,70,Chinese,2.400739226,3.375405256,114
Maldives,MDV,70,Western,-3.119584981,3.221678518,75
Maldives,MDV,70,Local,-1.780371565,4.033576472,59
Maldives,MDV,100,Chinese,2.879685223,3.381880897,67
Maldives,MDV,100,Western,-3.837156807,3.165043961,33
Maldives,MDV,100,Local,-2.807735097,4.240274028,32
Sri Lanka,LKA,0,Chinese,2.196834932,3.749192066,1955
Sri Lanka,LKA,0,Western,-1.753145133,2.985007308,1531
Sri Lanka,LKA,0,Local,-0.160347931,2.82783845,3858
Sri Lanka,LKA,30,Chinese, 1.9454298112158463, 3.947516078624518, 1070
Sri Lanka,LKA,30,Western, -1.802571729779066, 3.087511277714362 , 672
Sri Lanka,LKA,30,Local, 0.41210844446300665, 3.2121623885233124 , 2096
Sri Lanka,LKA,50,Chinese,1.88348512,4.07777702,698
Sri Lanka,LKA,50,Western,-2.141100149,3.190290572,413
Sri Lanka,LKA,50,Local,-0.1727439,3.080171518,1210
Sri Lanka,LKA,70,Chinese, 2.059430184966523, 4.0174747461582845, 484
Sri Lanka,LKA,70,Western, -1.7805014422753962, 3.12026280951962 , 205
Sri Lanka,LKA,70,Local, -0.3640089053173833, 3.274623368227778 , 727
Sri Lanka,LKA,100,Chinese, 1.8936550607217237, 3.9496310590436705, 298
Sri Lanka,LKA,100,Western, -1.894461457024921, 2.873227880586324, 110
Sri Lanka,LKA,100,Local, -0.7096797373720366, 3.407473878185845 , 402
Ivory Coast,CIV,0,Chinese, 1.7021915798557217, 3.065304022804007,145
Ivory Coast,CIV,0,Western, -2.3479680858907246, 2.7719677314144335,42
Ivory Coast,CIV,0,Local, 1.1441967121965095, 3.0928822188590464, 281
Ivory Coast,CIV,30,Chinese, 1.5978381339369752, 3.2120149453546327, 82
Ivory Coast,CIV,30,Western, -0.8774049969819876, 1.938342299288405, 13
Ivory Coast,CIV,30,Local, 1.1448039292848755, 3.123439999893177,203
Ivory Coast,CIV,50,Chinese, 1.255120385151643, 3.3175138717277255, 65
Ivory Coast,CIV,50,Western, -0.6443364421526591, 2.0221292462848353, 3
Ivory Coast,CIV,50,Local, 1.1277017185609497, 3.1057101439307693, 167
Ivory Coast,CIV,70,Chinese,1.251715499,2.9369223,46
Ivory Coast,CIV,70,Western,0.768511087,0.380914181,2
Ivory Coast,CIV,70,Local,1.182022016,3.03512419,124
Ivory Coast,CIV,100,Chinese, 1.592271315474664, 3.173787943380699,31
Ivory Coast,CIV,100,Western, 1.1494252681732178, 0.0,1
Ivory Coast,CIV,100,Local, 0.9596346508840035, 3.039889086265385,87
